LotArea,OverallQual,OverallCond,YearBuilt,YearRemodAdd,BsmtFinSf1,BsmtFinSf2,TotalBsmtSf,FirstFlrSf,SecondFlrSf,GrLivArea,BsmtFullBath,BsmtHalfBath,FullBath,HalfBath,BedroomAbvGr,KitchenAbvGr,TotRmsAbvGrd,Fireplaces,GarageCars,GarageArea,WoodDeckSf,OpenPorchSf,EnclosedPorch,ThreeSsnPorch,ScreenPorch,SalePrice
8750,7,5,1997,1998,1111,0,1417,1417,0,1417,1,0,2,0,3,1,7,1,2,511,60,0,0,0,117,210000
4500,6,5,1999,1999,883,0,1224,1224,0,1224,1,0,2,0,2,1,5,0,2,402,0,304,0,0,0,165000
8923,7,5,1998,1998,189,0,384,751,631,1382,0,0,2,1,3,1,7,1,2,396,256,0,0,0,0,177500
8100,5,8,1961,2007,764,0,864,864,0,864,1,0,1,0,3,1,5,1,1,420,132,0,0,0,0,135000
9000,4,7,1971,2006,240,0,864,864,0,864,0,0,1,0,3,1,5,0,2,576,200,0,0,0,0,130000
9439,5,5,1930,1950,324,0,912,912,336,1248,0,0,1,0,2,1,6,0,1,160,0,0,192,0,0,87000
9308,5,5,1965,1965,554,0,984,984,0,984,0,0,1,0,3,1,5,0,1,310,0,0,0,0,0,126000
8172,5,7,1955,1990,167,0,864,864,0,864,1,0,1,0,2,1,5,0,2,572,0,0,0,0,0,115000
9750,5,5,1958,1958,0,0,960,960,0,960,0,0,1,0,3,1,5,0,2,624,0,0,0,0,0,125000
7200,5,6,1938,1995,0,0,803,803,557,1360,0,0,1,1,2,1,6,0,1,297,0,65,190,0,0,125500
10215,4,5,1954,1954,492,0,864,948,0,948,0,0,1,0,3,1,5,0,1,248,0,0,0,0,0,111000
13500,6,7,1960,1975,429,1080,1602,1252,0,1252,1,0,1,0,1,1,4,1,2,564,409,0,0,0,0,235000
7590,5,5,1963,1963,0,0,1117,1117,0,1117,0,0,1,0,3,1,6,0,1,264,0,0,0,0,0,136870
13907,5,6,1940,1969,290,0,996,996,0,996,1,0,1,0,3,1,6,1,0,0,144,0,0,0,0,108000
8982,5,5,1977,1977,539,0,1040,1040,0,1040,0,0,1,1,3,1,5,0,2,748,0,0,0,0,0,134900
2760,6,5,1973,1973,0,0,525,525,567,1092,0,0,1,1,3,1,6,0,2,440,0,0,0,0,0,105500
6240,6,6,1931,1950,425,0,884,959,408,1367,0,0,1,0,3,1,6,1,1,560,0,0,0,0,120,127500
3300,4,3,1910,1950,0,0,624,816,0,816,0,0,1,0,2,1,5,1,0,0,0,33,0,0,0,58500
7200,4,8,1972,2006,385,0,385,875,0,875,0,0,1,0,3,1,5,0,2,728,352,0,0,0,0,117000
2645,8,5,1999,2000,0,0,776,764,677,1441,0,0,2,1,2,1,5,0,2,492,206,0,0,0,0,174000
7750,7,5,2000,2000,250,0,384,774,656,1430,0,0,2,1,3,1,7,1,2,400,180,0,0,0,0,180000
13695,5,5,2004,2004,646,0,1114,1114,0,1114,1,0,1,1,3,1,6,0,2,576,0,102,0,0,0,159000
6904,6,5,2005,2005,836,0,1358,1358,0,1358,0,0,2,0,2,1,6,1,2,484,192,36,0,0,0,213000
5925,4,6,1900,1950,122,448,570,761,380,1141,0,0,1,0,3,1,6,0,1,252,0,0,96,0,0,85000
7200,5,5,1950,1950,0,0,0,1048,0,1048,0,0,1,0,3,1,7,0,2,420,0,27,0,0,0,98300
9020,6,5,1964,1964,624,336,1248,1350,0,1350,1,0,1,1,3,1,6,0,2,520,176,0,0,0,0,168500
7800,5,7,1967,2004,450,0,864,899,0,899,0,0,1,0,3,1,5,0,1,288,64,0,0,0,0,130000
10768,5,8,1976,2004,1157,0,1437,1437,0,1437,1,0,2,0,3,1,6,1,2,528,0,21,0,0,180,218000
9600,7,5,1969,1969,0,0,1164,1164,0,1164,0,0,1,1,3,1,6,0,2,528,0,0,0,0,0,140000
8125,5,7,1965,2005,260,456,912,925,0,925,1,0,1,0,3,1,5,0,2,576,233,0,0,0,0,135000
9743,5,6,1969,1969,280,0,720,720,588,1308,0,0,1,1,3,1,7,0,2,484,0,0,0,0,0,146900
13300,5,7,1956,2000,377,0,928,928,0,928,0,0,1,0,2,1,4,0,1,252,261,0,156,0,0,132000
4571,5,7,1910,1950,168,0,616,616,616,1232,0,0,1,0,3,1,6,0,2,480,280,0,143,0,0,114000
4000,7,8,1930,1995,246,0,531,567,531,1098,1,0,1,0,2,1,5,1,1,216,0,0,0,0,0,148500
6978,5,7,1926,1980,0,0,850,960,0,960,0,0,1,0,2,1,5,0,2,576,0,0,116,0,0,103000
8730,6,7,1915,2003,0,0,698,698,698,1396,0,0,1,0,3,1,7,0,1,384,0,0,0,0,259,153575
10230,5,7,1925,1950,0,0,1054,1078,0,1078,0,0,1,0,3,1,6,0,1,264,0,0,0,0,112,125000
11250,6,6,1977,1977,767,0,1208,1208,0,1208,1,0,1,1,3,1,6,1,2,546,198,42,0,0,0,165000
5820,3,8,1955,2005,256,0,1162,1163,0,1163,1,0,1,0,3,1,6,0,1,220,142,98,0,0,0,126175
1476,4,7,1970,1970,176,0,546,546,546,1092,0,0,1,1,3,1,5,0,0,0,200,26,0,0,0,76000
6240,8,5,2006,2006,863,0,1324,1324,0,1324,1,0,2,0,2,1,6,1,2,550,192,38,0,0,0,254000
4435,6,5,2004,2004,662,0,848,848,0,848,1,0,1,0,1,1,3,1,2,420,140,0,0,0,0,155900
9373,5,6,1953,1953,500,196,1152,1152,0,1152,0,0,1,1,3,1,6,0,2,636,0,0,0,0,0,137500
10200,5,7,1954,2003,320,362,1086,1086,0,1086,1,0,1,0,3,1,6,0,2,490,0,0,0,0,0,144900
10180,5,6,1968,1968,744,0,912,1044,0,1044,0,1,1,1,3,1,5,1,2,372,200,48,0,0,0,139000
8777,3,6,1945,2007,0,0,0,640,0,640,0,0,1,0,2,1,5,0,1,240,0,0,0,0,0,84900
16466,5,7,1955,1955,0,0,816,872,521,1393,0,0,1,1,3,1,8,0,1,300,121,0,0,0,265,135500
12772,6,8,1960,1998,498,0,958,958,0,958,0,0,1,0,2,1,5,0,1,301,0,0,0,0,0,151500
5436,4,8,1922,2007,735,0,796,796,358,1154,1,0,1,0,3,1,7,0,1,240,0,96,0,0,0,125500
8532,5,6,1954,1990,1213,0,1297,1297,0,1297,0,1,1,0,3,1,5,1,2,498,0,0,0,0,0,153000
12095,6,6,1964,1964,564,0,1127,1445,0,1445,0,0,1,1,3,1,7,1,2,645,180,0,0,0,0,158000
2544,7,5,2004,2005,368,42,600,600,600,1200,1,0,2,1,2,1,4,0,2,480,0,172,0,0,0,149500
10206,3,3,1952,1952,0,0,0,944,0,944,0,0,1,0,2,1,4,0,2,528,0,0,0,0,0,82000
8239,5,6,1920,1962,176,0,1008,1060,185,1245,0,0,1,0,3,1,6,0,1,315,0,0,334,0,0,100000
8010,6,9,1958,2007,745,0,951,951,0,951,1,0,1,0,2,1,6,0,2,480,0,0,42,0,0,143500
9576,6,7,1945,1950,310,0,770,885,297,1182,0,0,1,1,3,1,5,0,1,378,0,0,0,0,0,120000
6768,6,8,1961,1996,832,0,912,912,0,912,1,1,1,0,3,1,5,0,1,288,168,0,0,0,0,142000
9240,5,6,1962,2002,612,0,864,1211,0,1211,0,0,1,0,2,1,6,1,2,576,161,0,0,0,0,144000
9556,7,5,1992,1993,0,0,1168,1187,0,1187,0,0,2,0,3,1,6,0,2,420,0,21,0,0,0,160000
10125,6,6,1977,1977,641,279,1196,1279,0,1279,0,1,2,0,3,1,6,2,2,473,238,83,0,0,0,171500
9947,7,5,1990,1991,611,0,1188,1217,0,1217,1,0,2,0,3,1,6,0,2,497,168,27,0,0,0,173000
6390,6,7,1954,1954,0,0,936,984,0,984,1,0,1,0,2,1,4,0,1,280,0,0,0,0,0,112500
8263,6,5,1920,1950,0,0,1012,1012,0,1012,0,0,1,0,2,1,6,1,1,308,0,22,112,0,0,118400
11425,5,6,1954,1954,486,0,1008,1008,0,1008,0,0,1,0,2,1,4,1,1,275,0,0,120,0,0,137000
11202,8,5,2003,2003,1029,0,1432,1440,0,1440,1,0,2,0,3,1,7,1,2,467,185,95,0,0,0,232500
10205,5,5,1962,1962,784,0,925,999,0,999,1,0,1,0,3,1,6,0,1,300,150,72,0,0,0,134500
8014,6,5,1978,1978,456,0,456,1034,0,1034,0,1,1,0,3,1,5,1,2,504,0,0,0,0,0,149900
8450,5,8,1965,2009,553,117,894,894,0,894,1,0,1,0,3,1,5,1,1,336,416,144,0,0,0,138500
10037,8,5,2006,2007,666,0,1460,1460,0,1460,0,0,2,0,3,1,6,1,2,480,0,20,0,0,0,247000
10500,4,5,1971,1971,432,0,864,864,0,864,0,0,1,0,3,1,5,1,0,0,0,0,0,0,0,115000
10895,5,6,1955,1955,648,0,972,972,0,972,0,0,1,0,3,1,5,0,1,305,0,0,205,0,0,122500
4224,5,6,1975,1975,769,0,1040,1040,0,1040,0,0,1,0,3,1,6,0,2,499,0,100,0,0,0,124000
7000,5,8,1978,2005,646,0,864,864,0,864,1,0,1,0,3,1,6,0,1,336,0,0,0,0,0,136500
7200,4,4,1971,1971,20,620,864,874,0,874,0,1,1,0,3,1,5,0,2,576,63,0,0,0,0,97500
10800,4,7,1885,1995,0,0,641,1047,0,1047,0,0,1,0,2,1,6,0,1,273,0,0,0,0,0,100000
16561,5,5,1996,1996,549,0,1097,1097,0,1097,1,0,1,1,3,1,6,0,1,242,306,0,0,0,0,147900
2160,7,5,1999,2000,600,0,672,684,720,1404,1,0,2,1,3,1,5,0,2,462,20,0,0,0,0,170000
6960,7,8,1940,1998,258,0,680,798,504,1302,0,0,1,1,2,1,6,2,1,224,0,0,0,0,126,165250
12400,6,7,1958,1998,585,0,1215,1215,0,1215,0,0,1,0,3,1,6,0,1,297,0,0,0,0,234,155000
11512,6,7,1959,2006,719,0,1019,1357,0,1357,1,0,1,0,2,1,5,1,1,312,0,0,0,0,163,177000
9571,5,6,1956,1956,739,0,1144,1144,0,1144,1,0,1,0,3,1,6,0,1,596,44,0,0,0,0,129000
7733,6,5,2005,2005,24,0,1142,1142,0,1142,0,0,1,1,3,1,5,0,0,0,4,50,0,0,0,139500
8550,6,8,1934,1950,574,0,816,816,0,816,1,0,1,0,2,1,4,1,1,240,228,0,40,0,0,129800
1936,4,6,1970,1970,131,499,630,630,0,630,1,0,1,0,1,1,3,0,0,0,0,0,0,0,0,84500
14137,5,5,1996,1997,450,0,1348,1384,0,1384,1,0,2,0,3,1,7,0,2,404,0,39,0,0,0,177900
8382,4,5,1956,1956,0,0,832,832,505,1337,0,0,1,0,3,1,5,0,1,263,0,0,0,0,0,108000
7700,5,5,1972,1972,138,468,882,882,0,882,1,0,1,0,3,1,5,0,2,461,96,0,0,0,0,112500
10140,5,6,1975,1975,788,0,1056,1074,0,1074,1,0,1,1,3,1,6,0,2,495,0,88,0,0,0,153500
2592,5,3,1976,1976,129,232,536,536,576,1112,0,0,1,1,3,1,4,0,1,336,182,0,0,0,0,85000
9037,8,5,2006,2006,428,0,1476,1484,0,1484,0,0,2,0,2,1,6,1,2,472,120,33,0,0,0,265900
8314,5,7,1982,1982,546,0,816,816,0,816,0,0,1,0,2,1,5,0,1,264,168,0,0,0,0,124500
7032,5,5,1979,1979,943,0,943,943,0,943,1,0,1,0,2,1,4,2,2,600,42,0,0,0,0,135960
7500,7,5,2004,2005,410,0,1221,1221,0,1221,1,0,2,0,2,1,6,0,2,400,0,113,0,0,0,185000
6756,5,6,1910,1950,0,0,481,899,0,899,0,0,1,0,2,1,5,0,1,200,0,0,96,0,0,78000
7936,6,6,1963,1963,826,0,1045,1045,0,1045,1,0,1,0,3,1,6,1,1,264,0,0,0,0,0,127000
12155,6,8,1925,1950,156,0,672,810,672,1482,0,0,2,0,4,1,7,0,1,400,0,0,254,0,0,140000
6762,7,5,2006,2006,686,0,1187,1208,0,1208,1,0,2,0,2,1,6,0,2,632,105,61,0,0,0,206000
5381,6,5,2005,2005,900,0,1306,1306,0,1306,1,0,2,0,1,1,5,1,2,624,170,63,0,0,0,196000
12803,7,5,2002,2002,922,0,1494,1494,0,1494,1,0,2,0,3,1,6,1,2,530,192,36,0,0,0,221000
3242,7,5,2003,2003,1000,0,1405,1405,0,1405,1,0,2,0,2,1,6,1,2,478,136,36,0,0,0,200000
6000,3,7,1948,2002,331,0,649,679,504,1183,0,0,1,1,2,1,6,0,1,308,0,176,0,0,0,120000
5000,3,3,1946,1950,299,0,666,666,0,666,0,1,1,0,2,1,4,0,0,0,0,52,0,0,0,64500
12450,5,5,2003,2004,836,0,1114,1114,0,1114,1,0,2,0,3,1,6,0,2,576,0,42,0,0,0,153000
11700,6,6,1968,1968,0,0,912,1152,0,1152,1,0,1,1,3,1,7,0,2,412,0,126,0,0,0,143450
9019,6,5,1994,1994,274,0,636,636,684,1320,0,0,2,1,3,1,6,0,2,472,0,40,0,0,0,150000
9535,5,5,1967,1967,194,982,1176,1458,0,1458,1,0,1,1,3,1,7,1,2,512,284,0,0,0,0,165000
9600,7,9,1928,2005,141,0,689,689,689,1378,0,0,2,0,3,1,7,1,2,360,0,0,116,0,0,161000
10429,5,5,1992,1992,330,0,624,624,663,1287,0,0,1,1,3,1,6,0,2,440,150,0,0,0,0,130000
3907,8,6,1989,1989,747,0,982,1034,0,1034,1,0,1,0,1,1,4,1,2,598,141,36,0,0,0,185000
10200,5,8,1940,1997,0,0,672,672,0,672,0,0,1,0,2,1,4,0,1,240,168,0,0,0,0,108000
6600,5,8,1982,2003,816,0,816,816,0,816,1,0,1,0,2,1,4,0,2,816,0,0,0,0,0,138000
15300,5,5,1965,1977,42,0,1068,1264,0,1264,1,0,1,0,2,1,7,1,2,528,0,0,0,0,0,169000
9140,6,5,1921,1975,308,0,629,727,380,1107,0,0,1,0,2,1,5,0,1,625,0,56,0,0,200,110000
3675,6,5,2005,2006,547,0,547,1072,0,1072,1,0,1,0,2,1,5,0,2,525,0,28,0,0,0,145500
8240,6,6,1960,1960,0,0,1179,1179,0,1179,0,0,1,0,2,1,5,0,2,622,0,0,0,0,0,110000
8000,5,5,1959,1959,433,95,528,1183,0,1183,1,0,1,0,3,1,6,0,1,288,0,0,0,0,0,138000
10500,5,7,1971,2005,349,0,372,576,533,1109,0,1,1,0,3,1,5,0,1,288,35,0,0,0,0,139000
13770,5,6,1958,1998,190,873,1158,1176,0,1176,1,0,1,0,3,1,6,2,1,303,0,0,0,0,0,137000
3215,7,5,2004,2004,280,0,600,600,600,1200,0,0,2,1,2,1,4,0,2,480,0,172,0,0,0,155000
12450,5,5,2003,2004,729,0,1094,1094,0,1094,1,0,1,0,3,1,6,0,2,576,0,0,0,0,0,149000
9000,4,7,1945,1950,0,0,0,998,0,998,0,0,1,0,3,1,5,0,2,460,0,0,140,0,0,89500
4435,6,5,2003,2003,672,0,848,848,0,848,1,0,1,0,1,1,4,0,2,420,140,0,0,0,0,143750
9360,6,7,1977,1977,841,116,957,1287,0,1287,1,0,1,1,2,1,5,2,2,541,302,39,0,0,120,173000
11355,7,7,1958,2001,637,0,1312,1312,0,1312,0,0,1,1,3,1,6,1,2,495,0,304,144,0,0,186000
10464,6,6,1980,1980,850,0,988,1102,0,1102,1,0,1,0,2,1,5,1,2,582,140,22,0,0,0,169000
5633,5,7,1925,1950,0,0,844,844,0,844,0,0,1,0,2,1,5,0,1,216,50,81,123,0,0,111500
1680,6,5,1973,1973,254,0,483,483,504,987,1,0,1,1,2,1,5,0,1,264,0,0,0,0,0,111000
9084,5,6,1941,1950,236,380,616,616,495,1111,0,1,1,0,3,1,5,0,1,200,48,0,0,0,0,95000
1869,6,6,1970,1970,321,0,483,483,504,987,0,0,1,1,2,1,5,0,1,280,0,0,0,0,0,106000
7200,4,5,1950,1950,0,0,576,864,0,864,0,0,1,0,2,1,5,0,1,528,0,0,0,0,115,105000
5784,5,8,1938,1996,0,0,190,886,0,886,0,0,1,0,2,1,4,0,1,273,144,20,80,0,0,91300
14419,7,5,1987,1989,904,624,1645,1479,0,1479,2,0,2,1,3,1,7,1,2,578,224,238,0,0,0,213500
6125,5,7,1939,1998,306,0,728,728,546,1274,0,0,2,0,3,1,6,0,1,224,0,0,192,0,0,135000
10594,5,5,1926,1950,0,0,768,789,0,789,0,0,1,0,2,1,5,0,1,200,0,0,112,0,0,96500
14585,6,6,1960,1987,594,219,1144,1429,0,1429,0,1,1,0,3,1,7,2,2,572,216,110,0,0,0,181900
17400,5,5,1977,1977,936,0,1126,1126,0,1126,1,0,2,0,3,1,5,1,2,484,295,41,0,0,0,160000
9600,5,6,1961,1990,915,0,1251,1433,0,1433,1,0,1,0,3,1,7,1,2,441,144,0,205,0,0,161000
10331,7,7,1985,1985,215,80,1265,1240,0,1240,0,1,2,0,3,1,6,0,2,528,232,0,0,0,0,174000
12172,5,7,1940,1996,130,259,822,908,0,908,0,0,1,0,2,1,4,0,2,512,284,24,0,0,192,138500
4538,9,5,2001,2001,1004,0,1310,1310,0,1310,1,0,1,1,1,1,5,1,2,545,277,45,0,0,0,285000
8530,7,5,1995,1996,0,0,384,804,670,1474,0,0,2,1,3,1,7,1,2,400,120,72,0,0,0,168500
9350,5,8,1965,1999,633,0,1219,1265,0,1265,0,1,2,0,3,1,6,1,2,502,0,92,0,96,0,179900
9180,5,7,1983,1983,747,93,840,884,0,884,1,0,1,0,2,1,5,0,2,504,240,0,0,0,0,144000
4485,5,7,1920,1950,579,0,936,936,0,936,1,0,1,0,2,1,5,1,0,0,51,0,135,0,0,109500
6000,6,7,1937,2000,201,162,825,825,672,1497,0,0,2,0,3,1,5,0,1,672,272,0,0,0,0,157000
8064,6,6,1948,1950,315,0,768,819,501,1320,0,0,2,0,3,1,5,0,2,576,108,0,0,0,0,138000
8777,5,7,1910,1950,0,0,796,796,0,796,0,0,1,0,2,1,4,0,0,0,328,0,164,0,0,85000
1484,4,4,1972,1972,252,0,546,546,546,1092,0,0,1,1,3,1,5,0,1,253,0,0,0,0,0,79400
10012,4,5,1972,1972,920,180,1138,1181,0,1181,1,0,2,0,3,1,6,0,2,588,0,0,180,0,0,137500
7200,6,7,1976,2001,288,0,684,684,714,1398,0,0,1,1,3,1,6,1,2,440,0,0,0,0,0,160500
5190,7,5,1948,1950,0,0,570,617,462,1079,0,0,1,0,2,1,5,1,1,249,135,0,0,0,0,125600
8450,7,5,2003,2003,699,0,1337,1337,0,1337,1,0,2,0,3,1,6,0,2,531,0,39,0,0,0,185000
9757,5,7,1994,1994,755,0,990,990,0,990,1,0,1,0,3,1,5,0,1,440,66,0,0,0,92,143000
9675,5,6,1975,1975,330,432,864,879,0,879,0,0,1,0,3,1,5,0,2,440,0,80,0,0,0,120000
13568,5,5,1995,1995,716,0,990,990,0,990,0,1,1,0,3,1,5,0,2,576,224,0,0,0,0,156000
12342,4,5,1940,1950,262,0,861,861,0,861,0,0,1,0,1,1,4,0,2,539,158,0,0,0,0,82500
3182,7,5,2004,2005,0,0,600,600,600,1200,0,0,2,1,2,1,4,0,2,480,0,172,0,0,0,151000
7153,6,5,1991,1991,1200,0,1278,1294,0,1294,1,0,2,0,3,1,6,0,2,496,112,51,0,0,0,179200
9101,5,6,1978,1978,1097,0,1097,1110,0,1110,1,0,1,0,1,1,4,1,2,602,303,30,0,0,0,165500
1680,5,7,1972,1972,231,0,630,630,672,1302,0,0,2,1,3,1,6,0,1,264,185,0,0,0,0,119500
8789,5,6,1967,1967,659,0,912,941,0,941,0,0,1,0,3,1,6,1,1,288,64,0,0,0,0,129200
9600,5,5,1969,1969,553,147,1288,1336,0,1336,0,1,2,0,3,1,6,1,2,502,312,11,0,0,0,163000
10784,7,5,1991,1992,0,0,384,802,670,1472,0,0,2,1,3,1,7,1,2,402,164,0,0,0,0,160000
10140,6,6,1974,1974,888,0,1116,1116,0,1116,1,0,2,0,3,1,6,1,2,528,0,0,0,0,0,167900
11457,6,5,1988,1988,1005,0,1392,1412,0,1412,1,0,2,0,3,1,6,1,2,576,0,0,169,0,0,175000
9100,5,5,1958,1958,521,174,864,864,0,864,1,0,1,0,3,1,5,0,2,624,0,0,0,0,0,129900
7758,5,7,1962,2001,588,0,999,999,0,999,1,0,1,0,3,1,6,0,1,264,0,132,0,0,0,132500
9590,7,5,2003,2003,786,0,868,1146,0,1146,1,0,2,0,3,1,6,1,2,438,160,22,0,0,0,187500
8000,5,5,1960,1960,1098,154,1377,1377,0,1377,1,0,1,0,3,1,6,2,1,351,0,0,0,0,0,156500
7500,8,5,2006,2007,24,0,1372,1448,0,1448,0,0,2,0,2,1,6,1,2,692,0,140,0,0,0,238500
14115,7,5,1980,1980,1036,0,1372,1472,0,1472,1,0,2,0,3,1,6,2,2,588,233,48,0,0,0,187500
7200,5,8,1972,2003,660,0,768,768,0,768,0,1,1,0,2,1,5,0,1,396,192,0,0,0,0,133900
9100,5,6,1930,1960,0,0,742,779,0,935,0,0,1,0,2,1,4,0,1,308,0,0,0,0,0,79500
1470,4,6,1970,1970,522,0,630,630,0,630,1,0,1,0,1,1,3,0,0,0,0,0,0,0,0,73000
9723,6,7,1963,1963,0,0,1008,1008,0,1008,0,0,1,0,2,1,5,0,2,430,0,0,0,0,0,135000
2349,6,5,1977,1977,389,0,855,855,601,1456,0,0,2,1,3,1,6,1,2,440,0,28,0,0,0,137900
5118,8,5,1990,1990,926,0,1312,1321,0,1321,1,0,1,0,1,1,4,1,2,484,0,64,140,0,0,212000
9600,5,6,1960,1960,658,0,1296,1496,0,1496,0,0,2,0,3,1,6,0,2,450,0,22,0,0,0,141500
9758,5,5,1971,1971,412,287,950,950,0,950,0,0,1,0,3,1,5,0,1,280,0,0,0,0,0,119500
13050,5,6,1963,1963,104,850,1000,1000,0,1000,1,0,1,0,1,1,4,2,2,575,238,0,148,0,0,164000
6956,4,7,1948,1950,0,0,624,624,312,936,0,0,1,0,3,1,5,0,1,265,0,0,0,0,0,97900
1477,4,4,1970,1970,509,0,630,630,0,630,1,0,1,0,1,1,3,0,1,286,0,0,0,0,0,80000
7000,5,6,1961,1961,0,0,0,925,0,925,0,0,1,0,3,1,7,0,1,300,0,0,0,0,0,99000
25286,4,5,1963,1963,633,0,1064,1040,0,1040,1,0,1,0,3,1,5,0,2,648,0,0,0,0,0,132250
8925,8,5,2007,2007,16,0,1466,1466,0,1466,0,0,2,0,3,1,7,0,3,610,100,18,0,0,0,201000
5350,7,8,1920,1965,116,0,624,730,720,1450,0,0,1,0,3,1,7,0,1,288,0,192,0,0,0,132000
6000,5,5,1924,1950,220,0,468,822,320,1142,0,0,1,0,3,1,6,0,1,320,0,0,98,0,0,93000
9768,5,5,1955,1955,100,247,960,960,0,960,1,0,1,0,2,1,5,0,1,330,0,70,0,0,0,122000
9790,6,5,1967,1967,251,630,1372,1342,0,1342,0,0,2,0,3,1,7,1,2,457,0,0,0,0,197,161500
6240,4,5,1947,1950,0,0,0,672,240,912,0,0,1,0,2,1,3,0,0,0,0,0,0,0,0,80500
7920,6,7,1920,1950,0,0,319,1035,371,1406,0,0,1,0,3,1,6,0,0,0,0,144,0,0,0,89500
3600,6,7,1917,2007,0,0,624,664,624,1288,1,0,1,0,3,1,5,1,1,280,0,103,0,0,0,119000
2544,7,5,2005,2005,0,0,600,520,623,1223,0,0,2,1,2,1,4,0,2,480,0,166,0,0,0,147400
3480,7,5,2003,2003,0,0,1405,1405,0,1405,0,0,2,0,2,1,6,1,2,478,148,36,0,0,0,173000
9143,5,7,1900,2003,0,0,346,709,308,1017,0,0,1,0,2,1,5,0,1,308,0,0,139,0,0,114000
8450,7,5,2004,2004,946,0,1436,1436,0,1436,1,0,2,0,3,1,8,0,2,484,139,98,0,0,0,210000
3378,7,8,1946,1992,0,0,651,707,682,1389,0,0,1,1,3,1,6,2,1,240,0,0,126,0,0,135000
17199,4,7,1961,1961,314,0,914,914,0,914,0,0,1,0,2,1,4,0,1,270,140,0,0,0,0,128000
11080,6,6,1975,1975,576,0,1128,1210,0,1210,1,0,2,0,3,1,6,0,2,528,0,0,0,0,0,148000
11064,8,5,1995,1995,560,670,1230,1239,0,1239,1,0,1,1,1,1,4,1,2,477,172,24,0,0,0,217500
14175,5,5,1956,1998,386,522,1240,1375,0,1375,1,0,1,0,3,1,6,1,1,323,0,0,0,0,0,187000
8248,5,7,1918,1950,0,0,686,686,564,1250,0,1,1,1,3,1,7,0,1,280,207,0,96,0,0,116000
5604,5,6,1925,1950,468,0,864,864,0,864,1,0,1,0,2,1,5,0,0,0,0,0,96,0,0,98000
11553,5,5,1968,1968,673,0,1051,1159,0,1159,0,0,1,1,3,1,7,1,1,336,466,0,0,0,0,158000
10482,6,8,1958,1958,507,0,588,1138,0,1138,0,1,1,0,3,1,6,0,1,264,224,0,0,0,0,145000
7703,6,8,1978,1978,450,0,450,1034,0,1034,0,1,1,0,3,1,6,1,2,504,311,0,0,0,0,153000
9000,6,6,1937,1950,0,0,780,780,595,1375,0,0,1,1,3,1,6,1,1,544,0,162,0,0,126,141000
8163,5,6,1959,1959,748,294,1144,1144,0,1144,1,0,1,0,3,1,6,1,1,796,86,0,0,0,0,143000
9000,5,3,1959,1959,288,0,1006,1006,0,1006,0,0,1,0,3,1,5,0,0,0,0,24,0,0,0,80000
1974,4,5,1973,1973,334,0,546,546,546,1092,0,0,1,1,3,1,6,0,1,286,120,96,0,0,0,83500
7500,7,5,2006,2006,54,0,1141,1141,0,1141,1,0,1,1,3,1,6,0,2,484,182,0,0,0,0,152000
9464,6,7,1958,1958,570,0,1080,1080,0,1080,0,0,1,0,3,1,5,0,1,288,0,0,0,0,130,136000
4118,4,4,1941,1950,0,0,693,693,0,693,0,0,1,0,2,1,4,0,0,0,0,20,0,0,0,52500
20062,7,7,1977,2001,1092,0,1420,1483,0,1483,1,0,1,1,1,1,4,2,2,690,496,0,0,0,0,270000
10320,3,3,1915,1950,0,0,536,808,536,1344,0,0,2,0,3,2,8,0,0,0,42,0,204,0,0,82375
7777,6,5,1996,1996,0,0,1491,1491,0,1491,0,0,2,0,3,1,7,1,2,571,0,35,0,0,0,178000
10914,3,3,1929,1950,0,0,715,715,0,715,0,0,1,0,2,1,4,0,2,660,0,0,75,0,112,68000
10721,6,6,1959,1959,0,0,1252,1252,0,1252,0,0,1,0,3,1,7,0,2,528,0,39,0,0,0,142000
10010,5,5,1974,1975,1071,123,1389,1389,0,1389,1,0,1,0,2,1,6,1,2,418,240,38,0,0,0,170000
5700,7,6,1929,1990,336,0,672,672,672,1344,1,0,1,1,3,1,6,1,2,456,0,0,70,0,0,140000
7388,5,6,1959,2002,405,0,1063,1327,0,1327,1,0,1,0,3,1,7,0,2,624,0,0,0,0,0,150750
8385,5,8,1977,1977,595,0,985,985,0,985,0,0,2,0,3,1,6,0,1,328,210,0,0,0,0,149900
2665,5,7,1976,1976,318,0,550,925,550,1475,0,0,2,0,4,1,6,1,1,336,92,26,0,0,0,129500
17808,4,5,1946,1950,0,0,484,1242,0,1242,0,0,1,0,2,1,4,0,1,336,0,0,0,0,0,109900
1488,6,6,1980,1992,471,0,561,561,668,1229,1,0,1,1,2,1,5,1,2,462,176,0,0,0,0,137000
7052,7,5,2005,2005,659,0,1364,1364,0,1364,1,0,2,0,2,1,6,1,2,484,192,36,0,0,0,185850
7500,7,5,2006,2006,0,0,1143,1143,0,1143,0,0,1,1,3,1,5,0,0,0,0,55,0,0,0,147000
7728,5,6,1962,1962,803,0,1106,1190,0,1190,1,0,1,0,3,1,6,0,2,540,0,18,0,0,0,132500
9638,6,6,1977,1977,368,120,1029,1117,0,1117,1,0,1,0,3,1,6,1,2,542,292,0,0,0,0,147000
9000,7,9,1920,1988,624,0,650,832,650,1482,0,1,1,0,3,1,7,0,2,324,0,0,0,0,0,143000
10184,6,5,1963,1963,580,0,1083,1146,0,1146,0,1,1,0,3,1,6,1,1,294,345,75,0,0,0,165000
11500,4,3,1957,1957,0,0,0,845,0,845,0,0,1,0,3,1,5,0,1,290,186,0,0,0,0,84000
3182,8,5,2004,2005,24,0,1256,1269,0,1269,0,0,2,0,2,1,6,1,2,430,146,20,0,0,144,192000
6000,6,6,1939,1950,276,0,600,608,624,1232,0,0,1,1,3,1,6,2,1,217,0,0,0,0,0,128000
8769,7,5,2005,2005,709,0,1169,1190,0,1190,1,0,2,0,2,1,5,0,2,578,100,41,0,0,0,173500
12375,5,5,1951,1951,329,0,806,1081,341,1422,1,0,1,0,3,1,7,1,1,288,0,0,0,0,0,137500
6953,5,7,1971,2004,469,0,864,874,0,874,0,0,1,0,3,1,5,0,1,352,0,0,0,0,0,130000
7000,6,6,1924,1950,617,0,617,865,445,1310,0,0,2,0,2,1,6,0,1,398,0,0,126,0,0,112000
9937,5,7,1964,1999,637,0,1486,1486,0,1486,1,0,1,0,3,1,7,0,2,480,0,0,0,0,0,167000
6240,8,5,2006,2007,24,0,1342,1342,0,1342,0,0,2,0,2,1,6,1,2,550,0,35,0,0,0,219500
8760,6,6,1959,1959,0,0,1194,1194,0,1194,1,0,1,0,3,1,6,0,1,312,0,0,120,0,0,148000
10000,6,6,1962,1962,0,0,1116,1116,0,1116,0,0,1,1,3,1,5,0,2,440,0,0,0,0,385,160000
8475,4,7,1956,1956,228,0,952,952,0,952,0,0,1,0,2,1,4,0,1,283,0,0,0,0,0,135750
17541,5,7,1948,2005,300,0,409,1325,0,1325,0,0,2,0,3,1,6,1,2,576,0,42,0,0,0,216000
7669,5,6,1992,1993,718,110,828,883,0,883,1,0,1,0,2,1,5,1,2,698,100,32,0,0,0,149000
7844,6,7,1978,1978,209,0,672,672,728,1400,0,0,1,1,3,1,6,1,2,440,0,0,0,0,0,149500
6951,5,5,1984,1985,658,0,876,923,0,923,1,0,1,0,3,1,5,0,1,264,362,0,0,0,0,119500
8139,6,5,1995,1996,476,0,680,680,790,1470,0,0,2,1,3,1,7,1,2,420,192,49,0,0,0,165000
7472,7,9,1972,2004,626,0,725,725,754,1479,1,0,1,1,4,1,7,0,2,484,0,32,0,0,0,184000
10164,5,5,1939,1950,646,0,992,992,473,1465,0,0,2,0,3,1,6,2,1,240,0,126,0,0,0,131000
4928,6,5,1976,1976,120,0,1078,958,0,958,0,0,2,0,2,1,5,1,2,440,0,205,0,0,0,128000
8750,5,5,1955,1955,172,483,1382,1382,0,1382,0,1,1,0,3,1,6,0,1,350,280,0,0,0,0,153000
13070,5,5,1951,1951,308,0,631,1112,0,1112,0,0,1,0,2,1,5,0,2,480,0,0,0,0,255,126000
8892,5,5,1960,1960,0,0,1065,1065,0,1065,0,0,1,1,3,1,6,0,2,461,74,0,0,0,0,126500
4800,5,5,1910,2003,0,0,680,680,680,1360,0,0,1,0,2,1,6,0,1,330,192,50,0,0,0,111000
6240,4,7,1929,1950,80,0,704,624,512,1136,0,1,1,0,2,1,6,0,1,336,0,365,80,0,0,123000
9069,6,8,1993,1993,261,1083,1344,1440,0,1440,2,0,2,0,2,2,8,0,4,920,288,0,0,0,0,224500
7514,5,7,1967,1975,373,108,943,1387,0,1387,1,0,1,0,3,1,6,1,1,300,0,0,240,0,0,145000
10410,3,8,1930,2001,0,0,713,713,0,713,0,0,1,0,2,1,5,0,1,371,0,75,161,0,0,99800
1782,6,6,1980,1980,330,0,516,529,516,1045,0,0,1,0,2,1,5,1,2,462,180,0,0,0,0,123900
8800,4,7,1910,2004,0,0,576,792,348,1140,0,0,1,0,3,1,7,0,0,0,0,160,0,0,0,96500
8243,5,7,1961,1961,700,0,964,964,0,964,0,0,1,0,3,1,5,1,2,784,170,0,0,0,0,137500
9560,5,7,1972,1972,360,0,864,864,0,864,0,0,1,0,3,1,5,0,1,288,0,0,0,0,0,128500
7838,5,5,1967,1967,769,0,864,900,0,900,1,0,1,0,3,1,6,1,1,288,175,144,0,0,0,123000
8064,6,8,1948,2004,481,174,816,816,408,1224,1,0,1,0,3,1,5,0,1,280,414,0,0,0,0,132000
13108,5,5,1951,1951,0,0,0,1226,0,1226,0,0,1,1,2,1,7,1,2,400,174,24,120,0,228,153500
6000,6,6,1941,1950,375,0,735,869,349,1218,0,1,1,0,3,1,6,1,2,440,0,0,0,0,0,131000
6420,5,7,1952,1952,210,551,980,1148,0,1148,0,1,1,0,2,1,6,0,1,308,0,0,0,0,0,123500
7200,4,5,1949,1950,0,0,0,1040,0,1040,0,0,2,0,2,2,6,0,2,420,0,0,0,0,0,90000
7424,5,5,1978,1978,1319,0,1319,1373,0,1373,1,0,1,0,3,1,5,2,2,591,0,0,0,0,0,160250
10738,6,7,1966,1966,792,0,1093,1093,0,1093,1,0,2,0,3,1,6,1,2,484,224,0,0,0,0,158500
5400,7,6,1920,2006,0,0,931,1027,0,1027,0,1,1,0,2,1,5,1,0,0,0,28,0,0,0,120000
9525,5,6,1995,2006,0,0,1099,1099,0,1099,0,0,1,1,3,1,6,0,1,352,278,0,0,0,0,144000
1936,4,7,1970,1970,0,0,546,546,546,1092,0,0,1,1,3,1,5,0,0,0,0,0,0,0,0,90500
12464,5,5,1996,1996,732,0,1040,1040,0,1040,1,0,1,0,3,1,6,0,2,576,168,0,0,0,0,152000
5400,5,5,1958,1958,453,0,864,864,0,864,0,1,1,0,3,1,6,0,1,399,0,0,0,0,0,118000
6762,7,5,2007,2007,902,0,1282,1290,0,1290,1,0,2,0,2,1,6,1,2,662,168,0,0,0,0,200000
11040,4,6,1920,1950,637,0,637,897,439,1336,0,0,1,1,3,1,7,0,1,570,0,47,120,0,0,108000
18000,3,4,1935,1950,0,0,894,894,0,894,0,0,1,0,2,1,6,0,3,1248,0,20,0,0,0,81000
6240,5,4,1936,1950,0,0,896,896,448,1344,0,0,1,0,3,1,7,0,1,240,200,114,0,0,0,115000
6001,6,5,1940,1950,368,0,600,600,319,919,0,0,1,0,3,1,5,0,1,231,0,0,45,0,0,95000
8450,5,6,1968,1968,775,0,1056,1056,0,1056,1,0,1,0,3,1,6,1,1,304,0,85,184,0,0,142000
8516,4,6,1958,2006,0,0,869,1093,0,1093,0,0,1,0,2,1,5,0,1,308,0,0,0,0,0,115500
11327,5,6,1967,1967,779,0,1064,1064,0,1064,0,1,1,0,3,1,6,1,2,528,314,48,0,0,0,153600
16285,7,5,2001,2002,0,0,1413,1430,0,1430,0,0,2,0,3,1,6,0,2,605,0,33,0,0,0,187100
12518,5,7,1968,1968,532,0,1008,1008,0,1008,0,0,1,0,3,1,6,0,1,384,144,0,0,0,0,139500
8877,4,5,1951,1951,836,0,836,1220,0,1220,0,0,1,0,2,1,6,0,2,396,0,0,0,0,0,102000
9672,6,5,1984,1985,338,0,1040,1097,0,1097,0,0,2,0,3,1,6,0,2,480,0,0,0,0,0,152000
10560,6,7,1922,1994,283,0,738,868,602,1470,0,0,1,1,2,1,6,0,2,624,0,0,0,0,0,140750
1680,5,5,1971,1971,300,0,525,525,567,1092,0,0,1,1,3,1,6,0,1,320,0,0,0,0,0,105500
7380,8,5,1998,1998,341,0,1418,1478,0,1478,1,0,2,0,2,1,5,0,2,495,168,43,0,0,0,240000
3136,7,5,2003,2003,0,0,1405,1405,0,1405,0,0,2,0,2,1,6,1,2,478,148,36,0,0,0,171750
9100,5,5,1963,1963,53,799,984,984,0,984,1,0,1,0,3,1,5,1,1,384,145,56,0,0,0,128000
6000,6,6,1927,1950,276,0,845,866,430,1296,0,0,1,0,3,1,6,0,2,576,0,0,175,0,0,127500
2308,6,5,1974,1974,257,495,855,855,467,1322,0,1,2,1,3,1,6,1,2,440,260,0,0,0,0,147000
8534,4,4,1925,1950,0,0,432,672,0,672,0,0,1,0,2,1,4,0,0,0,0,0,112,0,0,72000
9600,5,5,1968,1968,758,0,1051,1051,0,1051,1,0,1,0,3,1,6,0,2,504,0,0,0,0,0,142000
9340,4,6,1941,1950,344,0,672,672,0,672,1,0,1,0,2,1,4,0,1,234,0,113,0,0,0,113000
11500,6,4,1967,1967,872,60,1040,1040,0,1040,1,0,1,0,3,1,6,1,2,480,0,0,156,0,0,163000
3230,6,5,1999,1999,381,0,729,742,729,1471,0,0,2,1,3,1,6,0,2,440,0,24,0,0,0,172500
10295,4,6,1969,1969,252,0,936,936,0,936,0,0,1,0,2,1,4,0,1,288,16,0,0,0,0,111900
7200,5,5,1972,2000,671,0,864,864,0,864,1,0,1,0,3,1,5,0,2,576,155,0,0,0,0,127000
12537,5,6,1971,2008,734,0,1078,1078,0,1078,1,0,1,1,3,1,6,1,2,500,0,0,0,0,0,149900
4043,6,5,1975,1975,727,156,1069,1069,0,1069,0,1,2,0,2,1,4,1,2,440,0,55,0,0,225,146300
9017,7,5,1999,1999,560,0,1431,1431,0,1431,1,0,2,0,3,1,6,0,2,666,0,35,0,0,0,192000
11625,5,4,1965,1965,841,0,1039,1039,0,1039,1,0,1,1,3,1,6,0,2,504,0,0,0,0,0,131500
19138,4,5,1951,1951,120,0,864,864,0,864,0,0,1,0,2,1,4,0,2,400,0,0,0,0,0,141000
7111,5,7,1928,1983,406,273,1008,1143,0,1143,0,0,1,0,2,1,5,1,1,288,265,0,0,0,0,138000
3782,8,5,1981,1981,960,0,1226,1226,0,1226,1,0,1,0,1,1,4,2,2,484,133,78,0,0,0,211500
11104,6,6,1969,1969,828,0,1427,1427,0,1427,0,1,2,0,4,1,7,0,2,516,0,0,0,0,216,183000
7614,3,5,1905,1950,0,0,738,714,662,1376,0,0,1,0,2,1,7,0,1,216,0,0,104,0,225,96900
9600,5,6,1956,1956,504,0,1050,1050,0,1050,0,0,1,0,2,1,5,0,1,338,0,0,0,0,0,128900
6060,5,9,1930,2007,737,0,837,1001,0,1001,0,0,1,0,2,1,5,0,1,216,154,0,42,86,0,124900
13125,6,5,1997,1998,994,0,1478,1493,0,1493,1,0,2,0,3,1,7,1,2,508,140,39,0,0,0,208900
8375,5,7,1941,1973,336,0,576,864,486,1350,1,0,1,1,2,1,6,0,3,627,0,0,0,0,0,152400
11515,4,5,1958,1994,0,0,0,943,0,943,0,0,1,0,3,1,5,0,1,308,0,0,60,0,0,80000
10200,4,6,1925,1950,0,0,572,572,0,572,0,0,1,0,2,1,4,0,1,200,0,0,72,0,0,75000
9503,5,5,1958,1983,457,374,1024,1344,0,1344,1,0,1,0,2,1,6,1,1,484,316,28,0,0,0,144000
11340,2,1,1920,1950,0,0,723,723,363,1086,0,0,1,0,2,1,5,0,2,400,0,24,144,0,0,55000
13031,6,5,1995,1996,592,0,691,691,807,1498,0,0,2,1,3,1,6,1,2,409,315,44,0,0,0,187500
9250,5,7,1954,2005,480,468,1056,1056,0,1056,0,1,1,0,3,1,6,0,1,260,390,0,0,0,0,139400
7023,5,5,2005,2006,611,0,734,734,674,1408,1,0,2,1,3,1,6,0,2,489,0,85,0,0,0,171500
2665,5,6,1977,1977,548,173,757,925,550,1475,0,0,2,0,4,1,6,1,1,336,104,26,0,0,0,127000
7920,5,5,1970,2002,81,619,914,914,0,914,0,0,1,0,3,1,5,0,1,368,120,0,0,0,0,133000
10441,5,5,1992,1992,337,0,912,970,0,970,0,1,1,0,3,1,6,0,0,0,80,32,0,0,0,132000
9600,5,6,1959,1959,991,0,1041,1041,0,1041,1,0,1,0,3,1,6,0,1,270,224,88,0,0,0,124500
13072,7,5,2004,2005,0,0,1114,1114,0,1114,0,0,1,1,3,1,6,0,2,576,248,102,0,0,0,159000
2179,6,5,1976,1976,70,0,855,855,601,1456,0,0,2,1,3,1,6,1,2,460,0,28,0,0,0,144000
9600,6,5,1924,1950,0,0,572,572,524,1096,0,0,1,0,2,1,5,0,0,0,0,8,128,0,0,79000
6897,5,8,1962,2010,659,0,1040,1040,0,1040,1,0,1,1,3,1,6,0,1,260,0,104,0,0,0,127000
6000,5,7,1921,1950,616,0,616,616,0,616,0,0,1,0,2,1,4,0,1,205,0,0,129,0,0,89000
7584,5,5,1953,1953,531,0,1036,1036,0,1036,0,0,1,0,3,1,5,0,1,312,120,24,0,0,0,112900
2280,7,6,1975,1975,0,0,836,836,0,836,0,0,1,0,2,1,4,0,1,308,0,30,0,0,0,120000
15312,6,5,1960,1960,588,0,1138,1138,0,1138,0,1,1,0,3,1,6,1,2,480,0,0,0,0,140,148000
8700,5,6,1963,1963,776,0,1120,1128,0,1128,1,0,2,0,3,1,6,0,2,525,192,20,123,0,0,155000
6000,4,7,1954,2000,0,0,901,901,0,901,0,0,1,0,2,1,4,0,1,281,0,0,0,0,0,107900
8529,7,5,2001,2001,20,0,1454,1434,0,1434,0,0,2,0,3,1,6,1,2,527,290,39,0,0,0,189000
8000,7,5,2002,2002,833,0,1492,1492,0,1492,1,0,2,0,3,1,6,1,2,596,277,137,0,0,0,230000
10140,6,5,1974,1974,0,0,1064,1350,0,1350,0,0,2,0,3,1,7,1,2,478,0,0,0,0,0,165000
7449,7,7,1930,1950,0,0,637,1108,0,1108,0,0,1,0,3,1,6,1,1,280,0,0,205,0,0,139400
1596,4,5,1973,1973,462,0,462,526,462,988,1,0,1,0,2,1,5,0,1,297,120,101,0,0,0,91000
10324,8,5,2008,2008,872,0,1254,1254,0,1254,1,0,2,0,2,1,5,0,3,810,168,92,0,0,0,221800
8400,7,5,2004,2005,712,0,1473,1484,0,1484,1,0,2,0,3,1,7,0,2,606,0,35,0,144,0,213000
14559,5,7,1951,2000,650,180,1008,1363,0,1363,1,0,1,0,2,1,6,2,1,288,324,42,0,0,168,164900
12886,5,6,1963,1999,444,0,520,1464,0,1464,0,1,2,0,3,1,6,1,2,480,302,0,0,0,100,175000
39104,7,7,1954,2005,226,1063,1385,1363,0,1363,1,0,1,0,2,1,5,2,2,439,81,0,0,0,0,241500
8750,5,6,1970,1970,828,0,1002,1002,0,1002,1,0,1,0,3,1,5,0,2,902,0,0,0,0,0,148500
14149,5,8,1964,2001,68,722,980,1020,0,1020,0,1,2,0,3,1,5,1,2,528,0,0,0,0,0,165000
5400,4,6,1920,1950,315,105,840,840,534,1374,0,0,1,0,2,1,6,0,1,338,0,0,198,0,0,105000
11050,5,5,1956,1956,488,0,1005,1005,0,1005,0,0,1,0,2,1,6,1,1,319,0,0,0,0,288,133500
4435,6,5,2003,2003,685,0,848,848,0,848,1,0,1,0,1,1,4,0,2,420,140,0,0,0,0,140000
9150,6,5,1962,1962,371,0,1099,1431,0,1431,0,1,1,0,3,1,6,1,1,296,64,110,0,0,0,165000
15635,4,5,1954,1954,0,0,0,1383,0,1383,0,0,1,0,2,1,6,0,2,498,0,0,90,0,110,122000
4835,7,5,2004,2005,1298,0,1488,1488,0,1488,1,0,2,0,2,1,6,1,2,506,168,50,0,0,0,260000
10800,5,6,1920,1950,821,0,1120,1130,0,1130,1,0,1,0,2,1,5,1,2,720,229,0,0,0,0,120000
17600,6,5,1960,1960,1270,0,1478,1478,0,1478,1,0,2,0,3,1,6,2,2,498,0,40,0,0,0,157500
6000,5,7,1955,1955,576,0,960,960,0,960,1,0,1,0,3,1,5,0,2,576,0,0,0,0,0,135500
9600,6,8,1976,1976,978,0,1262,1262,0,1262,0,1,2,0,3,1,6,1,2,460,298,0,0,0,0,181500
3230,6,5,1999,1999,419,0,729,729,729,1458,0,0,2,1,2,1,5,1,2,440,0,32,0,0,0,176000
6221,5,5,1941,1950,533,0,728,760,595,1355,0,0,2,0,3,1,5,0,2,528,0,0,0,0,144,140000
10267,6,7,1918,2000,210,606,816,838,0,838,1,0,1,0,2,1,5,0,1,275,0,0,112,0,0,130000
11479,6,7,1950,1987,104,387,663,1074,0,1074,1,0,1,0,3,1,6,1,1,467,0,52,52,0,0,144500
7500,6,6,1947,1950,0,0,784,900,412,1312,0,0,1,1,3,1,6,0,2,649,0,28,0,0,0,127000
6600,5,5,1962,1962,0,0,894,894,0,894,0,0,1,0,2,1,5,0,1,308,0,0,0,0,0,109500
3180,6,5,2005,2005,390,0,600,600,600,1200,1,0,2,1,2,1,5,0,2,480,0,166,0,0,0,165000
7500,6,7,1942,1950,547,0,771,753,741,1494,0,0,1,0,3,1,7,2,1,213,0,0,0,0,224,177500
1680,6,8,1972,2007,162,0,483,483,504,987,0,0,1,1,2,1,5,0,1,264,250,0,0,0,0,118000
1890,6,6,1972,1972,483,0,483,483,504,987,0,0,1,1,2,1,5,0,1,352,411,0,0,0,0,100500
7227,6,6,1954,1954,0,0,832,832,0,832,0,0,1,0,2,1,4,0,2,528,0,0,0,0,0,105500
8777,4,6,1910,2000,173,337,676,760,676,1436,1,0,2,0,3,1,6,0,2,528,147,0,0,0,0,98000
6060,4,5,1939,1950,0,0,732,772,351,1123,0,0,1,0,3,1,4,0,1,264,0,0,140,0,0,100000
3675,6,5,2005,2005,459,0,547,1072,0,1072,1,0,1,0,2,1,5,0,2,525,0,28,0,0,0,148000
7000,5,7,1910,1991,969,0,1117,820,527,1347,1,0,1,0,3,1,5,0,0,0,85,0,148,0,0,107500
7635,5,6,1960,1960,588,350,1175,1175,0,1175,0,0,1,1,3,1,6,0,2,484,0,0,0,0,0,148000
9717,5,6,1950,1996,49,1029,1078,1078,0,1078,1,0,1,0,2,1,5,0,1,240,366,0,112,0,0,142125
10900,6,7,1977,1977,378,0,689,689,703,1392,0,0,1,1,3,1,6,0,1,299,0,36,0,0,0,161750
7950,6,6,1977,1977,535,0,690,698,728,1426,0,0,1,1,3,1,6,0,2,440,252,0,0,0,0,159500
2665,5,6,1976,1976,0,0,264,616,688,1304,0,0,1,1,3,1,4,1,1,336,141,24,0,0,0,115000
8402,6,5,1998,1998,0,0,789,789,676,1465,0,0,2,1,3,1,7,1,2,393,0,75,0,0,0,180400
10402,7,5,2009,2009,0,0,1226,1226,0,1226,0,0,2,0,3,1,6,0,3,740,0,36,0,0,0,198900
3500,3,5,1945,1950,144,0,370,442,228,670,1,0,1,0,2,1,4,0,0,0,0,21,0,0,0,64000
10200,5,8,1970,1970,704,0,864,904,0,904,0,0,1,0,3,1,5,0,3,912,143,0,0,0,0,144000
4113,6,5,2001,2001,0,0,1337,1337,0,1337,0,0,2,0,2,1,5,1,2,511,136,68,0,0,0,155000
9360,6,7,1972,2006,982,0,1161,1381,0,1381,1,0,1,1,3,1,5,1,2,676,0,0,0,0,0,197500
8155,5,7,1930,1950,0,0,780,780,420,1200,0,0,1,0,4,1,7,0,0,0,0,0,96,0,0,119000
14115,5,5,1993,1995,732,0,796,796,566,1362,1,0,1,1,1,1,5,0,2,480,40,30,0,320,0,143000
7500,6,5,2004,2004,0,0,1158,1158,0,1158,0,0,1,1,3,1,5,0,0,0,0,50,0,0,0,143500
6000,5,7,1950,1970,384,0,768,768,560,1328,0,0,1,1,3,1,6,0,1,308,0,12,0,0,0,129500
6960,4,6,1970,1970,375,239,864,864,0,864,0,0,1,0,3,1,5,0,2,660,96,0,0,0,0,120500
4500,6,5,1998,1998,1201,0,1237,1337,0,1337,1,0,2,0,2,1,5,0,2,405,0,199,0,0,0,153500
8544,3,4,1949,1950,0,0,0,1040,0,1040,0,0,2,0,2,2,6,0,2,400,0,0,0,0,0,87500
9600,5,6,1950,1950,390,0,1200,1200,0,1200,0,0,1,0,3,1,6,0,1,246,126,0,0,0,0,129900
4853,5,6,1924,1999,133,0,1107,1296,0,1296,0,0,2,0,2,1,5,1,1,260,0,0,36,0,0,104000
11556,5,9,1953,2006,408,0,864,1154,0,1154,0,0,1,1,3,1,6,0,1,336,63,0,0,0,0,142000
7930,6,8,1969,2005,439,472,1026,1026,0,1026,1,0,1,0,3,1,5,0,2,440,171,48,0,0,0,156000
12702,5,5,1956,1956,0,0,0,882,0,882,0,0,1,0,2,1,4,0,1,308,0,45,0,0,0,97000
7830,5,5,1970,1970,0,0,1180,1180,0,1180,0,0,1,1,2,1,6,0,2,477,0,45,0,0,0,128000
1733,6,6,1980,1980,0,0,516,516,516,1032,0,0,1,0,2,1,5,1,2,452,279,0,0,0,0,115000
9600,4,7,1950,1995,442,0,1067,1067,0,1067,0,0,2,0,2,1,4,0,2,436,290,0,0,0,0,128000
7438,5,8,1908,1991,0,0,504,936,316,1252,0,0,1,0,3,1,5,0,2,576,104,0,0,0,0,127000
5825,4,5,1926,1953,0,0,600,747,0,747,0,0,1,0,1,1,5,0,2,528,0,0,32,0,0,79900
15750,5,5,1953,1953,841,0,1165,1336,0,1336,1,0,1,0,2,1,5,2,1,375,0,0,0,0,0,157000
7800,5,6,1954,1954,540,0,1268,1268,0,1268,0,0,1,0,2,1,7,1,1,244,0,98,0,0,0,132000
11950,7,5,2003,2003,0,0,384,754,640,1394,0,0,2,1,3,1,7,1,2,400,100,0,0,0,0,165500
7134,5,5,1955,1955,384,0,384,1360,0,1360,0,0,1,0,3,1,6,1,2,572,0,50,0,0,0,130000
8197,7,5,2003,2009,1188,0,1480,1480,0,1480,1,0,2,0,3,1,7,0,2,620,252,73,0,0,0,214000
1680,6,5,1972,1972,382,0,525,525,567,1092,0,0,1,1,3,1,6,0,1,264,352,0,0,0,0,108000
6723,5,7,1971,1971,796,0,796,796,0,796,0,1,1,0,2,1,5,0,0,0,129,0,0,0,0,138000
9927,7,5,1976,1976,1005,0,1047,1083,0,1083,1,0,1,0,2,1,5,1,2,596,444,0,40,0,0,172000
11067,2,4,1939,1950,0,0,0,640,0,845,0,0,1,0,1,1,4,0,1,256,48,0,0,0,0,68104
4385,9,5,2001,2001,964,0,1419,1419,0,1419,1,0,1,1,2,1,5,1,2,588,155,58,0,0,0,290000
11333,6,5,1976,1976,539,0,1029,1062,0,1062,1,0,1,0,3,1,5,2,2,539,120,0,0,0,0,146800
9000,5,8,1900,2006,130,0,680,680,494,1174,0,0,1,0,2,1,6,1,2,576,116,26,40,0,0,135000
7200,6,5,1954,1954,673,0,854,854,424,1278,0,0,1,0,4,1,6,0,1,240,0,0,0,0,0,127500
10320,5,6,1915,1978,0,0,880,880,428,1308,0,0,2,0,2,1,6,0,2,400,0,0,117,0,0,120000
11650,7,5,1959,1959,0,0,0,1472,0,1472,0,0,2,0,2,1,5,1,2,484,0,68,0,0,227,157500
13110,5,6,1972,1972,962,0,1153,1193,0,1193,1,0,2,0,2,1,6,0,2,501,140,153,0,0,0,146500
21750,5,5,1954,1954,0,0,988,988,0,988,0,0,1,0,2,1,4,0,2,520,0,0,0,0,0,113000
2280,7,5,1975,1975,435,622,1057,1055,0,1055,0,1,2,0,2,1,4,1,2,440,0,27,0,0,0,123000
1974,4,7,1973,2006,501,0,526,526,462,988,1,0,1,0,2,1,5,0,1,297,120,101,0,0,0,105000
7175,6,5,1990,1991,0,0,1332,1332,0,1332,0,0,2,0,2,1,5,0,2,542,0,60,0,0,0,145000
7155,7,8,1918,1990,0,0,600,628,600,1228,0,0,1,0,3,1,6,1,1,215,0,113,0,0,195,137000
10970,6,6,1978,1978,505,435,940,1026,0,1026,1,0,1,0,3,1,5,0,2,576,0,0,34,0,0,147000
7064,5,6,1977,1977,560,0,980,980,0,980,0,0,1,0,3,1,6,0,2,484,192,0,0,0,0,135000
6627,3,6,1949,1950,0,0,0,720,0,720,0,0,1,0,2,1,4,0,1,287,0,0,0,0,0,72500
6291,6,6,1930,1950,0,0,768,768,0,768,0,0,1,0,1,1,4,0,2,440,0,0,84,0,0,93850
12122,7,9,1961,2007,867,0,944,999,0,999,1,0,1,0,3,1,6,0,2,588,144,76,0,0,0,178400
11875,5,5,1999,1999,0,0,1344,1344,0,1344,0,0,2,0,3,1,7,1,2,686,328,0,0,0,0,166500
8544,3,4,1950,1950,0,0,0,1040,0,1040,0,0,2,0,2,2,6,0,2,400,0,0,0,0,0,92900
9000,6,5,1956,1956,616,0,1196,1196,0,1196,1,0,1,0,2,1,6,1,1,297,0,44,0,0,0,139000
1900,4,4,1970,1970,0,0,546,546,546,1092,0,0,1,1,3,1,5,0,0,0,0,0,0,0,0,88250
9600,5,7,1940,1950,428,0,728,976,332,1308,1,0,1,1,2,1,7,2,1,256,0,70,0,0,0,160000
8991,7,6,1976,1976,624,604,1228,1324,0,1324,0,1,2,0,3,1,5,1,2,585,407,36,0,0,0,174000
8520,5,4,1952,1952,507,0,910,910,475,1385,0,0,2,0,4,1,6,0,2,720,0,0,0,0,0,166000
6882,4,3,1955,1955,0,0,0,1152,0,1152,0,0,2,0,2,2,6,0,0,0,0,0,0,0,0,61500
9750,6,8,1969,1969,602,438,1054,1054,0,1054,1,0,1,1,3,1,6,0,2,460,180,0,0,0,80,151000
9280,5,6,1951,1951,557,0,1342,1342,0,1342,1,0,1,0,4,1,7,0,1,256,0,0,0,0,0,125000
4761,3,3,1918,1950,0,0,1020,1020,0,1020,0,0,1,0,2,1,5,0,0,0,0,0,105,0,0,64500
7681,5,6,1921,1950,0,0,731,820,523,1343,0,0,1,1,3,1,7,1,1,186,192,0,102,0,0,154900
5000,4,7,1925,1950,188,0,765,765,0,765,1,0,1,0,2,1,4,0,1,200,135,0,41,0,0,87000
7315,5,6,1958,1958,625,0,1170,1170,0,1170,0,1,1,0,3,1,6,1,1,338,0,0,0,0,225,140000
4435,6,5,2003,2003,659,0,848,848,0,848,1,0,1,0,1,1,3,0,2,420,140,0,0,0,0,131500
9000,2,2,1947,1950,0,0,0,660,0,660,0,0,1,0,2,1,5,0,0,0,0,0,100,0,0,63900
7404,4,6,1920,1950,0,0,861,861,0,861,0,0,1,0,2,1,5,0,2,288,0,0,128,0,0,80000
12589,6,5,2005,2005,0,0,742,742,742,1484,0,0,2,1,3,1,8,1,2,390,36,24,0,0,0,174000
6821,6,7,1921,2005,113,0,651,759,539,1298,0,0,2,0,2,1,8,1,1,240,216,0,168,0,0,146500
10114,5,5,2004,2005,0,0,1430,1430,0,1430,0,0,2,0,3,1,7,0,2,624,0,0,0,0,0,173500
6300,6,6,1914,2001,0,0,742,742,742,1484,0,0,2,0,3,1,9,1,0,0,0,291,134,0,0,128000
1612,6,6,1980,1980,0,0,561,561,668,1229,0,0,1,1,2,1,5,1,2,462,154,0,0,0,0,121000
13072,5,5,2004,2004,0,0,1114,1114,0,1114,0,0,1,1,3,1,6,0,0,0,0,39,0,0,0,142000
7200,5,7,1972,1972,632,0,780,780,0,780,0,0,1,0,2,1,4,0,1,352,196,0,0,0,0,124900
6000,6,6,1925,1980,397,0,1103,1103,0,1103,0,0,1,0,2,1,5,1,2,440,166,120,0,0,0,110500
2160,7,5,1999,2000,510,0,600,624,628,1252,1,0,2,1,2,1,4,0,2,462,0,48,0,0,0,160000
6285,5,5,1977,1977,138,351,894,894,0,894,1,0,1,0,2,1,5,0,1,308,192,0,0,0,0,120750
6950,5,7,1979,1979,710,72,914,914,0,914,1,0,1,0,2,1,5,0,2,444,0,0,0,0,0,134900
5063,7,5,2007,2008,904,0,1314,1314,0,1314,1,0,2,0,2,1,6,1,2,626,172,62,0,0,0,207500
7795,7,5,2004,2005,425,0,716,716,716,1432,1,0,2,1,3,1,6,1,2,432,100,51,0,0,0,188500
10400,6,5,1979,1999,903,0,1259,1353,0,1353,1,0,2,0,2,1,5,1,2,478,240,141,0,0,0,192350
8780,5,5,1985,1985,625,0,833,833,0,833,1,0,1,0,3,1,5,0,0,0,0,0,0,0,0,112000
11049,8,5,2007,2007,0,0,1234,1234,0,1234,0,0,2,0,3,1,7,0,2,484,0,30,0,0,0,179900
11100,5,6,1951,1994,1080,0,1080,1080,400,1480,1,0,1,0,4,1,7,1,1,253,0,0,68,0,0,136500
26142,5,7,1962,1962,593,0,1188,1188,0,1188,0,0,1,0,3,1,6,0,1,312,261,39,0,0,0,157900
3203,7,5,2006,2006,16,0,1145,1145,0,1145,0,0,2,0,2,1,6,0,2,437,100,116,0,0,0,160000
10140,7,6,1967,1967,553,68,1334,1334,0,1334,1,0,2,0,3,1,7,0,2,477,0,20,35,0,264,164500
4671,8,5,1988,1989,767,0,1228,1228,0,1228,1,0,2,0,2,1,5,1,2,472,168,120,0,0,0,189000
7626,5,8,1952,2005,931,0,1031,1031,0,1031,1,0,1,0,2,1,5,0,1,230,0,0,0,0,0,145500
13052,5,6,1965,1965,712,0,1024,1024,0,1024,0,0,1,1,3,1,5,0,1,308,0,0,0,0,0,120875
7200,5,7,1951,2000,234,486,900,900,0,900,0,1,1,0,3,1,5,0,2,576,222,32,0,0,0,134800
3182,7,5,2007,2007,0,0,1266,1266,0,1266,0,0,2,0,2,1,6,1,2,388,100,16,0,0,0,159895
6240,8,5,2006,2007,846,0,1342,1342,0,1342,1,0,2,0,2,1,6,1,2,550,0,35,0,0,0,234250
2394,5,6,1973,1973,915,0,945,945,0,945,1,1,1,0,2,1,5,1,1,253,174,0,56,0,108,119500
9605,7,6,2007,2007,0,0,1218,1218,0,1218,0,0,1,1,3,1,6,0,2,576,0,178,0,0,0,159000
10425,5,5,1956,1958,774,0,1104,1104,0,1104,1,0,1,0,3,1,5,0,1,384,0,0,0,0,0,133000
8250,5,7,1935,1950,0,0,0,1032,0,1032,0,0,1,0,2,1,6,1,1,260,0,0,121,0,0,125000
8098,6,5,2000,2000,1136,116,1381,1403,0,1403,1,0,2,0,2,1,5,0,2,470,0,173,0,0,0,202000
12150,6,6,1979,1979,1001,0,1001,1299,0,1299,1,0,2,0,2,1,5,1,2,486,84,0,222,0,0,183500
6292,6,5,1930,1950,384,0,768,790,0,790,0,0,1,0,2,1,4,0,1,160,0,141,0,0,0,91000
7340,4,6,1971,1971,322,0,858,858,0,858,0,0,1,0,2,1,4,0,1,684,0,0,0,0,0,110000
7150,5,5,1967,1967,432,0,892,892,0,892,0,0,1,0,3,1,5,0,1,288,0,0,0,0,0,100000
9098,4,7,1920,2002,348,0,528,605,0,605,1,0,1,0,2,1,5,0,0,0,0,0,144,0,0,86000
5500,4,6,1956,1956,0,0,882,882,0,882,0,0,1,0,1,1,4,0,0,0,0,0,0,0,0,103200
6000,6,7,1926,2004,0,0,884,904,0,904,0,0,1,0,2,1,4,0,1,180,0,0,105,0,0,119000
8250,5,5,1968,1968,250,492,952,1211,0,1211,0,0,1,0,3,1,5,1,1,322,0,63,0,0,0,134000
8400,5,5,1968,1968,1016,0,1052,1052,0,1052,1,0,1,1,3,1,5,0,1,288,356,0,0,0,0,138500
9920,5,6,1969,1969,523,0,971,971,0,971,0,0,1,1,3,1,5,1,1,300,0,0,0,0,0,128500
7360,7,5,2010,2010,24,0,1222,1222,0,1222,0,0,2,0,2,1,6,0,2,615,0,54,0,0,0,187000
8723,6,6,1969,1969,973,0,973,1082,0,1082,1,0,1,0,3,1,6,0,2,480,160,0,0,0,0,162500
10690,5,7,1920,1997,456,0,672,672,672,1344,0,0,1,0,3,1,6,0,1,468,0,128,218,0,0,147000
7848,7,6,1999,1999,0,0,384,774,656,1430,0,0,2,1,3,1,7,1,2,410,0,0,0,0,0,168000
4080,6,8,1935,1998,0,0,901,861,517,1378,0,0,1,0,3,1,6,0,1,162,54,0,40,0,0,128900
11646,6,5,2005,2006,0,0,704,704,718,1422,0,0,2,1,3,1,7,1,2,440,36,28,0,0,0,173000
10050,5,6,1966,1966,602,0,793,1280,0,1280,0,1,2,0,3,1,6,1,2,432,140,40,0,0,0,175000
8239,7,5,1986,1986,0,0,0,1295,0,1295,0,0,2,0,2,1,5,0,1,312,0,0,0,0,0,230000
6155,6,8,1920,1999,0,0,611,751,611,1362,0,0,2,0,3,1,6,0,2,502,0,0,84,0,0,128000
8280,6,5,1950,1950,0,0,932,932,0,932,0,0,1,0,2,1,4,1,1,306,0,0,214,0,0,124000
12936,6,6,1972,1972,593,0,723,735,660,1395,0,1,1,1,3,1,6,1,2,497,294,116,0,0,0,162000
9750,7,5,2004,2004,24,0,1445,1445,0,1445,0,0,2,0,3,1,6,0,2,470,0,35,0,0,0,186500
4928,6,6,1976,1976,958,0,958,958,0,958,0,0,2,0,2,1,5,0,2,440,0,60,0,0,0,143750
9320,4,5,1959,1959,569,0,950,1225,0,1225,1,0,1,1,3,1,6,0,0,0,352,0,0,0,0,128950
9434,7,5,2004,2005,0,0,384,744,630,1374,0,0,2,1,3,1,6,1,2,400,100,0,0,0,0,170000
5500,7,5,2004,2004,510,373,1073,1073,0,1073,1,0,2,0,2,1,4,0,1,246,0,120,0,0,0,157000
7590,6,5,1966,1966,512,0,660,660,688,1348,0,0,1,1,3,1,6,1,2,453,188,108,0,0,0,155000
10628,7,5,1970,1970,778,0,1277,1277,0,1277,1,0,1,0,2,1,5,1,2,526,0,0,0,0,176,167000
11900,6,5,1957,1957,1040,0,1392,1392,0,1392,1,0,1,1,3,1,6,2,2,458,0,0,0,0,192,166000
10659,5,6,1961,1961,915,0,1050,1050,0,1050,1,0,1,0,3,1,6,0,1,368,0,319,0,0,0,136500
7155,6,8,1926,1991,0,0,686,686,775,1461,0,0,1,0,3,1,6,1,1,225,0,0,116,0,0,135000
2280,6,5,1978,1978,311,0,855,855,601,1456,0,0,2,1,3,1,7,1,2,440,26,0,0,0,0,146000
2289,6,6,1978,1978,311,0,855,855,586,1441,0,0,2,1,3,1,7,1,2,440,28,0,0,0,0,148500
11200,5,3,1964,1964,0,0,1250,1298,0,1298,0,0,2,0,3,1,5,0,2,504,0,144,0,0,0,114000
8892,5,7,1953,1996,0,0,105,910,0,910,0,0,1,0,3,1,5,0,2,414,196,0,150,0,0,116000
9610,6,6,1958,1958,203,0,1121,1336,0,1336,0,0,1,1,3,1,7,1,2,488,80,0,0,0,0,162000
7392,5,7,1930,1995,0,0,520,912,0,912,0,0,1,0,2,1,5,0,1,360,0,90,0,0,0,99500
4420,8,5,1980,1980,728,0,728,788,0,788,1,0,1,0,1,1,3,1,2,484,133,42,0,0,0,155000
3950,6,8,1926,2004,468,0,818,818,406,1224,0,0,1,0,3,1,5,0,1,210,0,0,116,0,0,115000
7015,5,4,1950,1950,185,0,709,979,224,1203,1,0,1,0,3,1,5,1,1,352,0,0,248,0,0,110000
8520,6,8,1928,2003,0,0,624,720,0,720,0,0,1,0,2,1,5,0,2,484,106,0,0,0,0,105900
11200,5,5,1965,1965,906,0,1040,1040,0,1040,1,0,1,0,3,1,5,0,1,384,0,0,0,0,0,129500
4426,6,5,2004,2004,662,0,848,848,0,848,1,0,1,0,1,1,3,0,2,420,160,0,0,0,0,143000
4800,5,4,1940,1950,0,0,672,672,0,672,0,0,1,0,2,1,4,0,1,256,0,0,0,0,0,64000
11672,5,5,1925,1950,0,0,816,816,0,816,0,0,1,0,2,1,4,0,1,210,168,0,112,0,0,109000
10682,4,6,1960,1971,399,0,1014,1149,0,1149,1,0,1,0,3,1,7,0,1,544,0,240,0,0,0,127000
41600,5,5,1969,1990,1047,0,1100,1424,0,1424,1,0,1,1,3,1,7,0,3,828,144,0,0,0,0,155000
6305,5,7,1938,1950,0,0,920,954,0,954,0,0,1,0,2,1,5,1,1,240,0,0,0,0,0,119750
7436,4,7,1960,1960,734,0,894,894,0,894,1,0,1,0,2,1,5,1,2,396,0,0,0,360,0,141500
8000,5,5,1962,1962,520,319,1027,1027,0,1027,0,1,1,0,3,1,6,0,1,299,0,0,0,0,0,125900
13015,5,6,1996,1996,0,0,1100,1100,0,1100,0,0,1,1,3,1,5,0,2,462,0,0,0,0,0,145000
1491,4,6,1972,1972,150,480,630,630,0,630,1,0,1,0,1,1,3,0,0,0,96,24,0,0,0,75500
3869,5,6,1984,1984,283,755,1038,1038,0,1038,0,0,2,0,2,1,5,0,1,264,0,105,0,0,0,130000
10000,5,6,1961,1983,594,0,864,1144,0,1144,1,0,1,0,3,1,6,1,1,264,165,0,0,0,0,131400
5175,5,8,1958,2000,150,404,808,808,0,808,0,0,1,0,2,1,5,0,1,308,143,0,0,0,0,112000
6000,6,5,1939,1950,264,0,739,874,468,1342,0,0,2,0,2,2,7,1,1,240,0,0,0,0,0,105000
7200,5,7,1955,2007,0,0,0,827,0,827,0,0,1,0,2,1,5,1,1,392,0,0,0,0,0,107500
8872,6,5,1997,1997,0,0,384,754,630,1384,0,0,2,1,3,1,7,1,2,390,0,0,0,0,0,161500
3960,7,8,1930,1950,0,0,502,502,502,1004,0,0,1,0,2,1,5,1,1,200,280,0,68,0,0,105000
9125,7,5,1992,1992,0,0,384,812,670,1482,0,0,2,1,3,1,7,1,2,392,100,25,0,0,0,163900
8574,6,8,1916,2000,0,0,816,1232,0,1232,0,0,1,0,3,1,6,1,2,440,0,0,180,0,0,147500
6860,5,6,1956,1956,908,0,1008,1008,0,1008,1,0,1,0,3,1,6,0,1,308,0,0,0,0,0,131000
8450,7,5,2000,2001,0,0,1349,1349,0,1349,0,0,2,0,3,1,6,0,2,539,120,55,0,0,0,179000
12890,6,5,1989,1989,0,0,1495,1495,0,1495,0,0,2,0,3,1,8,1,2,438,252,0,192,0,0,150000
8400,5,6,1968,1968,744,0,833,898,0,898,1,0,1,0,3,1,6,0,1,326,143,0,0,0,0,140000
7200,5,5,1972,1972,777,0,894,894,0,894,0,0,1,0,2,1,6,0,2,600,215,0,0,0,0,123000
10042,6,8,1920,1995,144,278,660,740,125,865,1,0,1,0,2,1,4,1,1,216,0,0,84,0,0,108500
6451,7,7,1900,1970,208,0,712,848,580,1428,1,0,1,0,4,1,7,0,2,576,264,0,84,0,0,139900
10452,6,5,1953,1953,500,0,1094,1094,0,1094,0,0,1,0,3,1,5,2,2,495,0,0,0,0,287,155000
6130,5,6,1924,1950,784,0,784,784,0,784,1,0,1,0,2,1,5,0,0,0,0,0,116,0,0,109500
3880,8,6,1978,1978,1052,0,1226,1226,0,1226,1,0,1,0,1,1,4,1,2,484,223,78,0,0,0,206000
1680,6,7,1972,1972,317,0,672,672,546,1218,0,1,1,1,3,1,7,0,1,264,0,28,0,0,0,118000
4017,7,5,2006,2007,0,0,625,625,625,1250,0,0,2,1,2,1,5,0,2,625,0,54,0,0,0,171900
8400,5,5,1955,1955,793,0,923,925,0,925,1,0,1,0,3,1,5,2,1,390,81,0,0,0,0,116900
7518,5,8,1910,2004,0,0,396,665,665,1330,0,0,1,0,3,1,7,0,1,390,0,72,45,0,0,116500
9842,4,5,1962,1962,0,0,0,1224,0,1224,0,0,2,0,2,2,6,0,2,462,0,0,0,0,0,101800
8918,6,5,2005,2006,0,0,745,745,745,1490,0,0,2,1,3,1,7,1,2,392,36,20,0,0,0,167800
7180,5,7,1972,1972,390,0,864,864,0,864,0,0,1,0,3,1,5,0,1,352,0,0,0,0,0,127000
3182,7,5,2005,2006,16,0,1220,1220,0,1220,0,0,2,0,2,1,5,1,2,397,100,16,0,0,0,180000
9750,6,6,1958,1958,608,0,1442,1442,0,1442,0,0,1,1,4,1,7,0,1,301,0,0,275,0,0,157900
2665,5,6,1977,1977,0,0,264,616,688,1304,0,0,1,1,3,1,5,1,1,336,141,0,0,0,0,104500
9525,5,7,1954,1998,954,0,1172,1172,0,1172,1,0,1,0,3,1,5,0,1,366,240,0,0,0,0,128000
9060,5,6,1957,2006,0,0,0,1340,0,1340,0,0,1,0,3,1,7,1,1,252,116,0,0,180,0,120000
1680,5,5,1972,1972,350,0,630,630,672,1302,0,0,2,1,3,1,6,0,1,264,0,0,0,0,0,111750
10152,5,5,1956,1956,586,0,1048,1048,0,1048,1,0,1,0,3,1,6,0,1,286,0,20,0,0,192,135000
12243,5,6,1971,1971,998,0,1484,1484,0,1484,0,0,2,0,3,1,7,1,2,487,224,0,0,0,180,175000
8773,6,5,2002,2002,951,0,1487,1419,0,1419,1,0,2,0,2,1,4,0,2,543,196,68,0,0,0,190000
5150,4,7,1910,2000,0,0,356,671,378,1049,0,0,1,0,2,1,5,0,1,195,0,0,0,0,0,80900
16300,5,4,1977,1977,60,417,876,907,0,907,1,0,1,0,3,1,5,0,1,308,0,0,0,0,0,130000
1890,4,6,1972,1972,294,0,546,546,546,1092,0,0,1,1,3,1,5,0,1,286,0,0,64,0,0,85500
15564,6,6,1914,1995,0,0,676,676,588,1264,0,0,1,0,3,1,6,0,2,400,424,0,0,0,0,147500
7175,6,5,1990,1991,904,0,1398,1398,0,1398,1,0,2,0,2,1,5,0,2,542,0,46,0,0,0,172000
4130,3,6,1935,2003,0,0,270,729,0,729,0,0,1,0,2,1,5,0,0,0,0,0,0,0,0,52000
6000,5,4,1954,1954,0,0,811,811,576,1387,0,0,2,0,3,2,7,0,1,256,0,0,0,0,0,93000
13350,5,5,1974,1974,762,0,864,894,0,894,1,0,1,0,3,1,5,1,2,440,241,0,0,0,0,142500
9000,6,6,1958,1958,0,0,160,1142,0,1142,0,0,1,0,2,1,5,1,1,384,0,28,64,0,0,113500
2529,7,6,1977,1977,378,0,1055,1055,0,1055,0,0,2,0,2,1,4,0,2,440,0,38,0,0,0,148500
7244,5,7,1970,1970,619,0,768,768,0,768,1,0,1,0,2,1,5,0,2,624,104,0,0,0,0,129500
14267,6,6,1958,1958,923,0,1329,1329,0,1329,0,0,1,1,3,1,6,0,1,312,393,36,0,0,0,172000
10800,5,8,1936,1989,626,0,796,1096,370,1466,0,1,2,0,3,1,7,1,2,566,436,21,0,0,0,170000
8638,5,6,1963,1963,181,0,925,925,0,925,1,0,1,0,2,1,5,0,2,484,203,74,0,0,0,133500
8246,5,8,1968,2001,188,668,1060,1060,0,1060,1,0,1,0,3,1,6,1,1,270,406,90,0,0,0,154000
15957,6,6,1977,1977,1148,0,1244,1356,0,1356,2,0,2,0,3,1,6,1,2,528,1424,0,0,0,0,188000
7560,5,5,1959,1959,369,0,1040,1040,0,1040,0,0,1,0,3,1,6,0,1,286,140,0,252,0,0,133700
1300,6,6,1980,1980,285,0,561,561,668,1229,0,0,1,1,2,1,5,1,2,462,150,0,0,0,0,124000
3903,6,5,2005,2006,1030,0,1302,1302,0,1302,1,0,1,1,1,1,5,1,2,631,110,50,0,0,0,200000
7892,6,5,1993,1993,300,0,1199,1199,0,1199,0,0,2,0,2,1,5,0,2,530,0,63,0,0,0,153900
9520,4,5,1953,1953,767,0,911,930,0,930,0,0,1,0,2,1,5,0,1,286,134,0,0,0,0,99000
15660,5,8,1910,2003,0,0,240,810,496,1306,0,0,1,1,3,1,6,0,2,472,0,0,0,0,0,130000
7207,5,7,1958,2008,696,0,858,858,0,858,1,0,1,0,2,1,4,0,0,0,117,0,0,0,0,116500
11700,6,6,1968,1968,404,0,708,708,708,1416,0,0,2,1,3,1,7,1,2,776,0,169,0,0,119,179900
10751,5,5,1974,1974,787,0,1037,1037,0,1037,1,0,1,0,2,1,5,0,2,431,136,47,0,0,0,129000
2364,6,5,1978,1978,279,0,855,855,601,1456,0,0,2,1,3,1,6,1,2,440,147,0,0,0,0,138000
5707,6,6,1935,1950,0,0,583,647,595,1242,0,0,1,1,3,1,6,1,1,180,329,96,0,0,0,105000
7200,5,7,1954,1954,0,0,825,825,0,825,0,1,1,0,2,1,4,0,1,350,0,0,0,0,0,109500
6120,5,6,1926,1950,351,0,756,903,378,1281,1,0,1,0,2,1,6,0,2,379,25,0,0,0,0,132500
4235,5,5,1984,1984,552,393,1049,1049,0,1049,1,0,2,0,2,1,5,0,1,266,0,105,0,0,0,139500
9156,6,7,1968,1968,0,0,1489,1489,0,1489,0,0,2,0,3,1,7,1,2,462,0,0,0,0,0,185750
10950,5,7,1952,1952,339,0,864,1064,0,1064,0,1,1,0,2,1,4,0,1,318,0,0,0,0,0,135000
8556,7,5,2006,2006,0,0,1240,1240,0,1240,0,0,2,0,2,1,5,0,3,826,140,93,0,0,0,194000
3180,7,5,2005,2005,0,0,600,520,600,1200,0,0,2,1,2,1,4,0,2,480,0,166,0,0,0,151000
9600,5,8,1950,2006,32,308,572,1337,0,1337,1,0,1,0,3,1,7,1,1,264,0,192,0,0,0,141500
9600,5,7,1967,1967,602,402,1141,1141,0,1141,1,0,1,0,3,1,6,0,1,568,0,78,0,0,0,158000
8500,4,4,1920,1950,0,0,649,649,668,1317,0,0,1,0,3,1,6,0,1,250,0,54,172,0,0,40000
4740,8,5,1988,1988,248,0,1166,1179,0,1179,1,0,2,0,2,1,5,0,2,480,0,108,0,0,135,182000
10836,5,5,1922,1950,0,0,892,1254,182,1436,0,1,1,0,3,1,7,1,4,1488,0,0,100,0,0,139000
8281,5,5,1965,1965,553,311,864,864,0,864,0,0,1,0,3,1,5,1,1,360,0,0,236,0,0,62383
3196,8,5,2003,2003,0,0,1273,1456,0,1456,0,0,2,0,2,1,7,1,2,400,143,20,0,0,0,215000
7689,5,8,1972,1972,720,76,796,796,0,796,0,1,1,0,2,1,4,0,1,336,138,0,0,0,0,131900
5500,5,7,1929,2001,234,692,926,926,0,1316,1,0,1,0,3,1,6,0,2,484,0,0,0,0,0,130000
9100,7,5,2001,2001,0,0,1212,1212,0,1212,0,0,2,0,3,1,6,0,2,573,356,0,0,0,0,178000
5900,4,7,1923,1958,0,0,440,869,0,869,0,0,1,0,2,1,4,0,0,0,0,0,0,0,0,85500
1596,4,6,1973,1973,437,0,462,526,462,988,1,0,1,0,1,1,4,1,1,297,0,101,0,120,0,94900
3675,6,5,2005,2005,467,0,547,1072,0,1072,1,0,1,0,2,1,5,0,2,525,0,44,0,0,0,140000
9627,7,5,2007,2007,24,0,1351,1361,0,1361,0,0,2,0,3,1,6,0,2,610,0,50,0,0,0,193000
8760,5,7,1956,1956,856,0,1169,1144,0,1144,1,0,1,0,3,1,6,0,1,286,257,0,0,0,0,150000
9382,7,5,1999,2000,0,0,1468,1479,0,1479,0,0,2,0,3,1,6,0,2,577,120,25,0,0,0,191000
5330,4,7,1940,1950,280,0,420,708,0,708,0,0,1,0,2,1,5,0,0,0,164,0,0,0,0,82500
9587,7,5,2005,2005,655,0,856,1166,0,1166,1,0,2,0,2,1,5,0,2,400,212,0,0,0,0,190000
10800,4,6,1927,2007,0,0,656,968,0,968,0,0,2,0,4,1,5,0,1,216,0,0,0,0,0,64500
6442,8,5,2006,2006,24,0,1370,1370,0,1370,0,0,2,0,2,1,6,1,2,484,120,49,0,0,0,202500
10800,4,7,1949,1996,0,0,832,832,629,1461,0,0,2,0,4,1,6,0,1,384,0,204,0,0,0,133500
12887,5,7,1984,1984,207,590,833,833,0,833,1,0,1,0,2,1,5,0,2,495,431,0,0,0,0,149900
10434,4,5,1955,1955,0,0,1005,1005,0,1005,0,0,1,0,2,1,5,1,2,672,0,0,0,0,0,115000
9350,5,6,1964,1964,360,0,720,720,720,1440,0,0,1,1,4,1,7,1,2,480,0,32,240,0,0,157500
6285,6,6,1976,1976,504,0,960,1044,0,1044,1,0,1,0,3,1,7,1,2,528,228,0,0,0,0,133500
10880,5,5,1950,1950,1040,0,1164,1164,0,1164,1,0,1,0,3,1,5,0,1,240,0,48,0,0,0,125000
19508,6,5,1974,1974,800,0,1430,1430,0,1430,0,1,2,0,3,1,6,2,2,484,117,108,165,0,0,192000
10368,6,6,1964,1964,260,748,1008,1488,0,1488,1,0,1,1,3,1,7,1,2,430,154,60,0,0,0,167000
3672,5,7,1922,1950,0,0,816,816,0,816,0,0,1,0,2,1,5,0,1,100,0,0,96,0,0,75200
10320,6,7,1915,1965,276,262,698,754,649,1403,1,0,1,1,3,1,7,0,1,308,0,0,288,0,0,116000
12929,6,6,1960,1993,697,0,1081,1081,0,1081,1,0,1,0,3,1,5,0,1,401,36,82,0,0,0,148000
25339,5,7,1918,2007,0,0,816,1416,0,1416,0,0,2,0,3,1,7,0,2,576,0,0,112,0,0,112000
8965,7,5,2003,2003,652,0,782,806,683,1489,1,0,2,1,3,1,8,1,2,400,0,75,0,0,0,192000
11767,4,7,1910,2000,0,0,560,796,550,1346,0,0,1,1,2,1,6,0,1,384,168,24,0,0,0,112000
1504,4,4,1972,1972,252,0,546,546,546,1092,0,0,1,1,3,1,5,0,1,253,0,0,0,0,0,85500
6710,6,5,1996,1997,16,904,920,936,0,936,2,0,0,1,0,1,3,0,2,460,0,40,0,0,0,140000
10000,5,6,1956,1956,678,281,1058,1370,0,1370,1,0,1,0,3,1,6,1,1,300,191,0,0,0,120,148000
6240,5,8,1939,1952,48,0,672,899,423,1322,1,0,1,0,4,1,7,0,1,280,0,0,0,0,0,132000
7800,5,7,1966,2008,240,474,864,892,0,892,1,0,1,0,3,1,5,0,1,416,0,0,0,0,0,137900
8846,5,5,1996,1996,298,0,870,914,0,914,0,0,1,0,2,1,5,0,2,576,0,0,0,0,0,148000
7740,4,7,1910,1950,0,0,622,741,622,1363,0,0,1,0,3,1,6,0,2,528,0,0,0,0,168,125500
13068,6,5,1976,1976,890,48,1211,1211,0,1211,1,0,2,0,3,1,6,1,2,461,0,0,0,174,0,161000
6000,5,7,1924,2003,0,0,949,949,0,949,0,0,1,0,2,1,5,1,2,370,0,0,48,0,0,119000
8500,7,5,2004,2004,0,0,1422,1422,0,1422,0,0,2,0,3,1,7,0,2,626,192,60,0,0,0,179600
5395,8,5,1993,1993,733,0,1337,1337,0,1337,1,0,2,0,2,1,5,1,2,462,96,0,70,168,0,180000
8400,4,4,1950,1950,0,0,721,841,0,841,0,0,1,0,2,1,4,0,1,294,250,0,24,0,0,82000
9900,5,4,1915,1950,1026,0,1212,1212,180,1392,1,0,1,0,3,1,6,0,0,0,0,0,168,0,0,100000
11235,5,5,1963,1963,925,0,925,999,0,999,1,0,1,0,3,1,6,0,1,308,40,176,0,0,0,130000
7200,5,7,1950,1950,534,96,876,988,0,988,0,0,1,0,3,1,6,0,1,276,0,80,0,0,0,119000
7943,4,5,1961,1961,903,0,1029,1029,0,1029,1,0,1,0,3,1,5,0,1,261,64,0,39,0,0,118500
12048,5,6,1952,2002,0,0,0,1488,0,1488,0,0,1,0,3,1,7,1,2,569,0,189,36,0,348,135000
10800,5,7,1920,1950,0,0,720,846,0,846,0,0,1,0,2,1,4,0,2,576,0,0,0,0,0,106000
7420,5,6,1939,1950,851,0,991,1077,0,1077,1,0,1,0,2,2,5,2,1,205,0,4,0,0,0,118000
13811,6,6,1987,1987,980,40,1112,1137,0,1137,1,0,2,0,2,1,5,1,2,551,125,0,0,0,0,176000
21872,7,5,1996,1997,604,0,729,729,717,1446,0,1,2,1,3,1,6,1,2,406,264,22,0,0,0,175000
9750,5,5,1962,1962,68,884,980,980,0,980,1,0,1,0,3,1,5,0,2,400,0,28,0,0,0,110000
8450,5,6,1968,1968,162,270,882,909,0,909,0,0,1,0,3,1,5,0,1,294,0,155,0,0,0,116000
8020,5,6,1964,1964,644,0,912,912,0,912,0,0,1,0,3,1,6,0,0,0,0,0,0,0,0,124000
7008,4,8,1900,1998,0,0,448,448,272,720,0,0,1,0,1,1,5,0,1,280,0,0,70,0,0,86900
5362,5,6,1910,2003,0,0,661,661,589,1250,0,0,2,0,3,1,8,1,2,552,242,0,81,0,0,139000
7200,5,7,1950,1950,0,0,0,1040,0,1040,0,0,1,0,2,1,5,0,2,625,0,0,0,0,0,109500
6240,5,7,1936,1980,276,0,528,548,492,1040,0,0,1,0,2,1,5,0,2,624,306,0,32,0,0,123900
6000,6,7,1948,1950,300,0,780,780,636,1416,0,0,1,1,3,1,6,0,1,312,221,0,48,0,0,139900
9920,5,5,1954,1954,354,290,1056,1063,0,1063,1,0,1,0,3,1,6,0,1,280,0,0,164,0,0,128000
6760,5,5,1962,1962,734,0,896,936,0,936,1,0,1,0,3,1,6,1,1,288,24,90,160,0,0,130000
12968,5,6,1962,1962,737,0,912,912,0,912,1,0,1,0,2,1,4,0,1,352,140,0,0,0,176,144000
4379,8,5,2004,2004,851,0,1378,1378,0,1378,1,0,2,0,2,1,6,1,2,540,160,56,0,0,0,214000
4217,6,5,2008,2008,962,0,1145,1256,0,1256,1,0,1,1,1,1,5,1,2,641,0,169,0,0,0,195000
5000,6,7,1926,1950,0,0,992,1013,0,1013,0,0,1,0,3,1,6,0,1,160,0,0,101,0,0,113000
11717,6,6,1970,1970,0,0,1442,1442,0,1442,0,0,2,0,2,1,6,1,2,615,371,0,0,0,0,185000
7420,5,5,1962,1962,417,0,1057,1057,0,1057,0,0,1,0,3,1,6,0,2,576,0,0,0,0,0,132000
5890,6,8,1930,2007,538,0,816,816,0,816,0,0,1,0,2,1,5,0,1,432,0,0,96,0,0,120500
10800,6,5,1963,1963,617,264,1052,1052,0,1052,1,0,1,0,3,1,6,0,1,311,0,133,0,0,0,127000
8088,2,3,1922,1955,0,0,498,498,0,498,0,0,1,0,1,1,3,0,1,216,0,0,100,0,0,35000
7000,5,5,1962,1962,953,0,1025,1025,0,1025,1,0,1,0,3,1,6,0,0,0,96,80,0,0,0,124000
7175,6,5,1991,1991,278,0,1217,1217,0,1217,0,0,2,0,2,1,5,0,2,484,0,64,0,0,0,151000
8640,7,5,2008,2008,0,0,1402,1402,0,1402,0,0,2,0,3,1,7,0,2,625,205,126,0,0,0,229800
8760,6,7,1957,1999,873,0,936,936,0,936,1,0,1,0,2,1,4,0,1,315,0,0,0,219,0,141000
7945,5,6,1959,1959,179,506,1150,1150,0,1150,1,0,1,0,3,1,6,0,1,300,0,0,0,0,0,141000
6289,6,5,2005,2006,762,0,1362,1362,0,1362,1,0,2,0,2,1,6,1,2,460,192,28,0,0,0,207000
10825,7,7,1983,1983,747,0,1260,1260,0,1260,1,0,2,0,3,1,6,0,2,598,152,0,0,0,0,181900
7875,7,5,1995,1996,0,0,1237,1253,0,1253,0,0,2,0,3,1,6,1,2,402,220,21,0,0,0,176000
13600,5,6,1955,1955,144,912,1056,1056,0,1056,1,0,1,1,3,1,6,0,1,300,0,0,0,0,0,125000
12198,5,6,1955,1975,780,0,1204,1411,0,1411,0,0,1,0,3,1,7,1,1,310,278,82,0,0,0,130000
